Area,Bedrooms,Bathrooms,Location,Price
1860,1,3,Urban,384725.15
2294,2,2,Urban,441253.43
2130,3,1,Urban,419904.43
2095,2,2,Urban,421695.88
2638,3,2,Suburban,431828.69
3169,5,2,Suburban,534895.89
1466,4,3,Suburban,275153.88
2238,5,2,Suburban,376503.27
1330,2,2,Urban,275261.62
2482,4,2,Rural,330942.72
3135,3,1,Suburban,500318.77
3919,4,1,Rural,520716.32
1130,1,3,Suburban,181934.93
2685,4,3,Urban,557432.05
1769,1,1,Suburban,277560.37
3391,4,3,Urban,673582.4
2515,1,1,Suburban,400153.72
3853,2,2,Urban,732940.51
3433,5,2,Urban,695646.13
2215,3,3,Rural,311481.85
1955,4,1,Urban,402586.92
3324,5,1,Rural,436757.63
2184,3,3,Urban,436268.49
1459,3,1,Suburban,245595.89
1021,1,2,Suburban,202640.94
3300,2,3,Suburban,542446.8
1747,2,3,Urban,342949.26
3904,5,1,Urban,755495.42
1474,2,3,Urban,312138.66
2082,4,1,Urban,434232.65
3558,2,1,Suburban,564188.84
3047,5,1,Rural,407090.44
3747,2,1,Rural,468385.46
1975,4,1,Suburban,344528.8
2806,1,3,Suburban,446758.93
1189,5,2,Suburban,216157.0
3734,1,2,Urban,693822.0
1562,1,3,Rural,198925.94
2899,1,3,Suburban,461602.11
2267,3,2,Suburban,409902.59
3879,3,2,Urban,749894.82
2528,1,2,Suburban,396064.7
1646,5,2,Suburban,316118.02
3068,4,2,Rural,412986.88
3888,4,1,Suburban,632400.94
3214,2,3,Urban,626588.51
2297,5,1,Rural,340205.44
3435,3,2,Urban,654991.12
1600,1,2,Suburban,264736.32
3363,2,2,Urban,632076.19
3061,4,1,Suburban,509705.13
1241,3,1,Rural,167733.13
3041,3,2,Urban,591206.33
3824,1,1,Rural,467929.1
3612,4,1,Urban,713918.17
3945,5,2,Rural,530584.54
2363,3,1,Suburban,376992.83
3139,1,3,Rural,397229.34
2390,5,3,Urban,501104.2
2478,4,3,Rural,328774.95
3556,3,3,Suburban,576229.83
1775,5,2,Urban,388415.17
1034,5,2,Rural,196347.16
3253,5,2,Urban,661869.6
2955,3,3,Rural,376823.82
2585,3,3,Urban,513652.26
2021,2,1,Suburban,338363.83
3613,4,1,Suburban,607834.43
2129,1,3,Urban,397360.17
2500,5,3,Urban,509200.76
1702,2,3,Urban,367069.65
3449,1,3,Suburban,546246.14
3777,2,1,Urban,701177.07
2579,3,3,Suburban,437196.29
1161,5,1,Urban,248622.52
1201,1,3,Urban,246213.76
2981,1,3,Suburban,475428.21
1995,1,3,Urban,398342.7
3317,1,1,Rural,399901.04
1815,1,1,Rural,230656.87
1455,2,2,Suburban,238995.75
2275,5,3,Suburban,408803.84
2016,3,2,Rural,264966.54
3343,3,2,Urban,645658.99
3767,3,1,Urban,710101.85
1337,3,1,Urban,289171.36
1878,2,2,Suburban,320284.51
2076,4,3,Urban,437333.79
1791,5,1,Suburban,324032.38
3264,1,3,Rural,397194.09
1763,4,3,Rural,252563.23
3235,3,2,Suburban,524747.95
1379,4,2,Urban,334427.93
1492,5,2,Rural,215920.33
2180,1,2,Suburban,361641.77
3062,1,1,Urban,579128.59
1064,5,1,Urban,260326.36
3568,5,2,Rural,493746.2
2367,3,1,Suburban,393771.05
2152,1,2,Rural,278131.59
3027,4,3,Rural,406708.79
3695,2,3,Suburban,601485.69
2495,2,3,Suburban,420214.69
2162,5,2,Suburban,378043.23
2522,3,3,Urban,494767.53
3640,2,1,Suburban,568970.19
1391,1,3,Suburban,225649.61
2698,5,3,Suburban,469064.75
1418,4,3,Rural,226534.38
3336,5,1,Suburban,550826.98
1378,4,2,Suburban,256271.77
2796,5,1,Suburban,474980.23
3278,5,2,Suburban,560184.31
3088,5,2,Suburban,500731.11
3182,4,3,Urban,632693.0
1200,4,2,Suburban,232112.84
2863,5,1,Urban,593340.79
1779,2,1,Urban,345300.98
3977,3,2,Suburban,617784.47
1502,3,3,Suburban,276497.11
3454,3,3,Rural,444126.38
2751,4,1,Suburban,445753.33
1804,4,3,Suburban,319356.55
3146,2,2,Suburban,500054.75
3731,3,2,Suburban,593602.55
2895,3,1,Urban,541044.34
3773,5,2,Urban,760110.66
2570,4,1,Urban,529348.75
1960,3,2,Suburban,340515.22
3660,2,1,Urban,677423.14
2485,2,3,Urban,487285.08
3690,3,2,Urban,712134.79
2028,4,2,Rural,289347.94
1502,2,1,Urban,307043.4
3814,5,1,Suburban,619758.26
1397,2,2,Urban,288279.96
1870,1,1,Suburban,300072.8
3842,1,2,Urban,730118.22
1392,4,3,Urban,323605.07
1206,3,1,Suburban,223790.57
2038,4,2,Urban,427678.27
2881,4,3,Urban,598684.59
3939,4,3,Urban,779117.63
2484,4,2,Urban,498509.12
1863,5,1,Urban,415373.7
3790,5,2,Urban,761179.03
1563,2,3,Rural,211129.56
2020,1,2,Suburban,318205.07
1095,4,1,Suburban,212215.76
2923,2,3,Urban,572771.85
2757,1,2,Rural,348812.92
3532,3,1,Urban,680873.09
3278,5,3,Urban,685039.57
3796,1,1,Suburban,595115.43
2678,3,3,Urban,537946.36
1540,1,2,Urban,310613.11
2059,5,1,Suburban,353524.76
3572,5,3,Rural,484619.27
2183,2,1,Suburban,370543.06
2722,4,1,Suburban,451119.54
2819,1,2,Rural,345803.66
3625,1,1,Urban,663979.11
3729,3,3,Urban,714323.67
3604,5,3,Urban,718872.38
2597,1,3,Suburban,410844.92
3693,5,3,Suburban,604894.33
1795,1,2,Rural,231556.18
2051,2,1,Suburban,341672.77
2643,4,2,Suburban,437372.44
2363,1,1,Urban,458532.84
2981,5,1,Rural,406827.92
2354,2,1,Rural,312785.81
2663,1,2,Rural,328981.65
2529,3,1,Urban,505765.25
3038,4,2,Suburban,494780.66
2496,1,3,Urban,488182.48
3237,2,3,Urban,626378.39
2408,3,1,Urban,480972.51
2400,2,2,Suburban,378244.05
2306,2,3,Suburban,371949.3
3680,3,2,Urban,716372.28
3675,2,2,Urban,688016.52
1972,3,1,Suburban,335432.06
2768,1,3,Urban,514568.62
2282,3,1,Urban,461241.74
1709,3,1,Suburban,279024.77
2479,4,3,Suburban,432373.0
2434,3,3,Urban,498376.31
1648,3,2,Urban,337672.28
1317,1,3,Urban,272880.27
2257,4,2,Rural,313444.42
1683,5,2,Suburban,307061.58
1663,1,2,Suburban,259364.45
2998,1,3,Urban,550013.74
2631,5,1,Suburban,453146.5
2495,3,2,Urban,481451.97
2136,2,1,Suburban,346353.44
2853,4,1,Rural,375725.52
2520,2,3,Suburban,419791.43
3489,5,1,Rural,459659.55
1563,1,1,Suburban,246155.52
2291,1,3,Urban,449698.71
2636,4,2,Rural,359670.58
3999,1,1,Urban,740981.56
1698,1,3,Suburban,284392.68
3160,4,1,Urban,607444.28
1001,4,1,Urban,241747.89
1641,5,2,Suburban,312274.69
3267,1,1,Urban,595893.17
2589,1,3,Suburban,410909.2
1854,5,1,Suburban,332706.93
2759,3,2,Urban,543275.03
3432,3,2,Urban,669098.6
2661,3,3,Suburban,458463.67
2153,5,2,Urban,470357.67
2076,1,1,Suburban,313277.81
2707,5,2,Suburban,472270.7
3777,5,3,Rural,518529.33
2695,3,2,Suburban,448118.09
2733,2,2,Suburban,450859.8
2439,1,2,Suburban,405972.7
3294,3,3,Urban,657157.1
1835,2,2,Urban,368793.09
1202,2,2,Suburban,220750.88
1122,4,1,Suburban,214748.88
1400,1,3,Suburban,235239.03
1766,2,2,Rural,232405.86
1293,3,3,Rural,206794.13
3327,4,2,Rural,431055.71
3931,1,2,Suburban,624973.68
1197,5,2,Urban,292458.64
2930,3,1,Suburban,460506.94
3799,2,1,Urban,717496.49
3191,2,1,Suburban,482649.73
1608,3,3,Suburban,292455.08
2147,2,3,Suburban,365902.31
1186,4,1,Urban,261556.44
3511,1,3,Urban,663215.48
2794,4,2,Suburban,488641.57
1659,2,2,Urban,329562.53
3811,5,2,Rural,494730.92
2955,1,1,Urban,564716.63
3450,1,3,Urban,670625.87
2369,3,1,Urban,468456.96
2986,3,3,Suburban,503014.63
2534,5,2,Suburban,453514.76
1146,1,1,Urban,216855.16
3911,5,3,Urban,777126.94
2734,3,3,Suburban,467408.75
2843,3,2,Urban,576590.14
1488,1,1,Suburban,243828.81
3976,4,1,Suburban,632601.86
2959,2,1,Urban,582490.61
2663,3,2,Urban,522030.29
3598,3,1,Rural,456408.62
3385,4,2,Suburban,561173.38
3919,4,2,Suburban,653391.6
1640,5,2,Urban,375739.76
2802,5,3,Suburban,489448.66
3520,2,1,Urban,668232.89
2969,2,1,Suburban,470785.15
3198,1,2,Rural,405341.4
2438,5,2,Urban,485544.4
2634,3,1,Urban,513153.93
1262,5,2,Urban,301573.22
2787,3,1,Urban,532149.86
3191,4,3,Urban,644243.23
3393,5,2,Urban,680695.29
1623,4,1,Suburban,306004.76
2016,2,2,Suburban,348130.2
1880,2,1,Urban,363741.94
3049,1,1,Rural,376371.62
3944,5,2,Urban,781180.52
2327,4,3,Rural,318723.41
3301,3,1,Urban,638130.25
1452,2,1,Rural,186657.18
2183,2,1,Suburban,341143.85
3056,3,3,Rural,408947.11
2682,4,3,Rural,372135.3
3863,4,2,Urban,747296.84
3255,5,3,Rural,451553.55
2154,5,2,Urban,453404.22
1403,1,2,Urban,279071.65
3199,2,3,Urban,626023.44
3101,5,2,Suburban,524813.87
2696,4,3,Urban,555827.41
1627,3,2,Suburban,278885.7
1586,4,3,Suburban,290935.33
2648,2,3,Suburban,430141.41
2443,4,2,Rural,325694.22
2445,1,1,Suburban,379982.26
1103,2,2,Urban,219053.82
1253,3,3,Urban,274628.46
3557,1,1,Urban,655411.25
2496,2,2,Urban,482718.2
1098,3,2,Urban,243225.03
3200,1,2,Urban,599382.36
2884,1,1,Rural,362874.42
3961,2,3,Suburban,637895.17
2919,5,2,Urban,590922.35
1877,1,2,Suburban,289517.99
1337,1,2,Urban,254239.56
3869,3,2,Suburban,615477.97
1956,4,2,Suburban,339880.79
2704,2,3,Suburban,432900.04
1160,2,3,Suburban,196038.83
2603,5,2,Rural,355798.79
3848,5,1,Rural,507574.27
1397,2,3,Suburban,250500.29
2300,5,1,Suburban,394425.77
1815,3,3,Suburban,313120.02
2527,2,2,Urban,481593.02
2919,5,3,Urban,603105.61
2415,2,2,Urban,462215.71
2158,4,3,Suburban,384431.28
2218,1,2,Suburban,334841.34
1400,2,2,Urban,284403.7
1639,1,2,Rural,215691.07
3735,5,2,Rural,498038.35
1459,1,1,Suburban,260780.34
1954,2,2,Suburban,326598.0
1469,4,1,Rural,202239.45
2045,5,1,Urban,433145.36
3797,2,2,Suburban,581787.54
2693,5,1,Urban,549934.0
3085,3,3,Suburban,499419.44
3277,1,2,Urban,623013.9
1562,3,1,Rural,209944.6
3485,2,2,Rural,441032.34
2799,4,2,Urban,557464.42
3074,5,2,Suburban,538488.51
1225,1,1,Rural,155787.57
1797,5,3,Suburban,352875.57
3331,2,3,Rural,435861.52
3926,5,1,Suburban,648720.67
1959,1,2,Urban,380307.33
2504,2,1,Urban,484657.97
1452,5,1,Urban,308083.27
1815,4,1,Suburban,314461.17
1658,2,2,Urban,342891.58
1546,2,1,Suburban,256411.03
2215,4,2,Suburban,368198.1
1016,3,1,Suburban,186875.96
2243,1,3,Rural,306201.06
3205,3,1,Rural,425068.92
3524,5,1,Suburban,582979.96
2069,4,3,Rural,301794.49
3565,3,2,Suburban,571084.93
3146,2,2,Suburban,484861.28
2768,5,1,Rural,366915.34
2060,5,3,Urban,464428.89
3327,3,2,Urban,644120.07
3544,3,1,Rural,450846.16
1301,4,3,Suburban,247151.62
1180,1,2,Rural,176641.37
1606,3,2,Rural,240979.59
1699,3,3,Urban,382007.8
1992,2,3,Rural,265449.55
2139,5,3,Suburban,388806.24
1190,1,3,Suburban,188333.57
3300,2,1,Suburban,534769.34
1980,4,3,Rural,269922.2
3975,4,2,Urban,777667.76
3006,3,2,Suburban,479926.97
2184,3,1,Suburban,356711.33
1127,4,2,Suburban,210677.38
3065,3,2,Suburban,493671.25
2816,1,3,Urban,531488.77
2758,3,2,Urban,538957.31
3613,5,1,Urban,724673.34
1569,3,3,Rural,213231.37
2346,2,3,Urban,466485.41
2895,1,1,Urban,551279.59
3733,2,3,Rural,470828.04
1625,2,3,Urban,327320.81
3901,5,1,Rural,509814.75
2686,1,3,Suburban,439697.25
1154,1,1,Rural,152421.08
3537,1,1,Urban,649347.86
2409,1,2,Urban,462458.77
1784,1,2,Suburban,276577.08
1245,5,3,Rural,208213.6
2500,3,3,Suburban,424086.07
2705,2,1,Urban,513821.92
3806,1,3,Suburban,587514.14
1537,3,1,Suburban,256683.19
2890,3,1,Suburban,473848.17
2841,2,3,Suburban,473439.81
1920,5,1,Rural,268026.92
3455,4,2,Suburban,572833.87
1524,4,3,Urban,319449.73
3875,3,2,Suburban,615403.82
2529,2,3,Urban,496909.41
3950,4,1,Suburban,628403.17
1035,3,3,Suburban,190884.94
1684,5,2,Urban,368442.2
1019,4,1,Urban,240341.93
3368,3,3,Urban,658366.71
3559,3,3,Rural,440697.69
1399,1,3,Rural,166673.0
3701,5,2,Urban,732111.35
1971,1,2,Rural,257096.87
2906,2,3,Suburban,443424.95
3518,1,1,Urban,646242.7
2166,1,1,Urban,402617.52
2115,4,2,Suburban,381133.38
1833,3,1,Suburban,306099.78
2823,5,2,Suburban,487279.89
3774,1,3,Urban,710732.57
2982,5,2,Urban,587454.34
1853,1,2,Suburban,305632.07
1050,2,3,Urban,233153.97
1574,1,1,Urban,306402.69
2148,4,2,Urban,485902.38
3197,3,2,Rural,394798.87
3361,2,3,Rural,448566.97
3617,1,1,Suburban,554675.52
3352,5,2,Rural,453113.29
2715,2,3,Urban,530244.88
1681,2,2,Suburban,277907.64
1837,1,3,Urban,354961.67
2077,2,1,Suburban,339845.09
3491,5,1,Rural,447748.26
3660,2,1,Suburban,581505.79
3311,5,1,Urban,657818.06
2595,1,2,Suburban,397949.31
1004,3,2,Urban,224219.87
2126,2,1,Rural,287691.49
2219,3,1,Suburban,362496.65
1773,5,1,Suburban,324534.54
1876,2,2,Suburban,304090.44
1991,4,1,Suburban,351229.22
3931,3,1,Urban,756435.08
1046,2,1,Suburban,200386.09
3914,3,3,Urban,756764.36
3870,2,1,Suburban,612186.55
3983,1,3,Rural,498940.68
3703,3,3,Rural,493318.72
1268,4,1,Suburban,228011.68
1369,4,3,Suburban,267800.05
1635,5,1,Urban,358353.03
2129,2,2,Suburban,348708.12
2693,3,2,Urban,533657.52
2682,5,2,Suburban,464822.4
1656,3,2,Urban,344917.71
1119,2,3,Urban,245567.13
1830,4,1,Suburban,335281.18
2810,1,1,Urban,533654.5
2081,4,1,Suburban,365841.55
2974,5,2,Urban,602764.6
2369,1,2,Urban,441527.59
1740,5,1,Suburban,325553.01
1116,2,2,Urban,245640.47
2853,1,1,Urban,546266.71
3838,5,1,Suburban,624660.19
2150,2,1,Urban,414704.51
2931,4,1,Rural,371325.16
2012,2,1,Urban,388235.29
2664,3,1,Urban,531485.71
2081,2,1,Suburban,332485.05
1633,2,2,Urban,336344.8
1512,3,1,Urban,312254.97
3849,5,1,Urban,762060.57
2119,5,2,Urban,441943.09
2141,2,2,Rural,281772.09
1559,3,2,Urban,298708.64
1487,3,1,Suburban,256181.04
1896,4,3,Rural,255215.27
2212,5,3,Suburban,408859.95
1703,1,2,Rural,228134.07
2470,5,3,Urban,527266.71
1580,5,2,Rural,252810.06
3837,4,1,Urban,735170.83
3908,1,3,Suburban,628673.63
3294,4,1,Suburban,548421.92
1153,1,3,Urban,235174.45
2679,2,1,Suburban,438206.2
1996,1,3,Suburban,313337.06
3744,4,1,Urban,719674.86
2243,5,1,Urban,463654.1
2092,1,3,Suburban,333510.22
2008,1,1,Suburban,305634.42
3141,3,1,Rural,417150.83
2773,5,1,Suburban,468361.46
1957,2,3,Rural,266365.05
1452,4,3,Suburban,267096.49
2227,2,1,Urban,412653.97
3959,5,1,Urban,781320.57
3265,1,3,Suburban,495627.45
3521,1,3,Suburban,552463.66
3479,5,1,Urban,678536.85
3388,1,1,Urban,647712.76
1550,1,1,Rural,207113.63
2635,1,2,Suburban,416307.54
2312,4,3,Suburban,414437.07
2757,4,2,Suburban,455086.84
1356,3,3,Urban,303514.79
3070,2,3,Urban,596598.1
2785,5,3,Urban,581940.2
3569,5,3,Urban,733143.54
2781,5,3,Suburban,489474.92
3849,3,3,Suburban,625237.24
3809,4,3,Rural,484531.13
3489,3,2,Rural,441079.54
2631,5,1,Urban,538352.91
3816,2,1,Suburban,598333.72
2015,1,2,Suburban,310947.96
2348,4,2,Rural,345876.77
1515,4,2,Urban,347863.94
3839,3,2,Suburban,621871.18
1335,4,3,Suburban,255970.37
2782,5,1,Urban,564637.91
3305,5,3,Urban,663380.82
1496,3,1,Suburban,260174.81
1895,5,1,Suburban,341827.53
3207,2,2,Urban,600842.39
1851,3,3,Suburban,325991.76
2687,2,2,Urban,518107.41
2931,1,3,Suburban,445571.92
3737,2,1,Urban,694056.15
3427,1,2,Rural,423103.94
2568,1,2,Urban,505116.88
1956,2,1,Urban,387645.53
3738,3,1,Urban,701485.18
2636,5,1,Urban,545340.36
2291,5,2,Suburban,388176.96
2440,1,3,Urban,480026.91
2191,1,2,Rural,274208.75
2066,3,3,Urban,424943.64
1284,4,2,Urban,304377.97
3444,2,2,Urban,643048.36
1011,1,1,Urban,186008.82
2630,5,3,Urban,545564.01
3546,3,2,Suburban,582283.79
1753,2,2,Suburban,277756.54
3082,3,1,Suburban,468978.44
3774,2,1,Suburban,586588.41
3896,2,3,Suburban,624917.41
1089,1,2,Urban,232022.62
1775,3,3,Suburban,306618.39
3652,3,2,Rural,466125.73
2625,5,3,Suburban,470289.01
1417,5,1,Suburban,248852.58
1114,1,2,Urban,220634.79
1616,1,3,Suburban,269304.24
1825,4,1,Suburban,323242.19
2649,5,1,Suburban,447251.93
2516,2,3,Rural,330264.41
1412,3,2,Urban,277276.73
1728,1,2,Urban,328457.52
3808,3,1,Suburban,610735.09
1675,3,2,Rural,223177.06
2892,4,2,Urban,581149.84
3504,5,2,Urban,707188.73
3967,1,1,Urban,728634.51
3239,3,3,Urban,638724.64
3786,1,2,Suburban,578272.67
2122,2,1,Suburban,341233.89
2571,4,1,Urban,522882.16
1977,2,3,Urban,399429.73
2008,1,2,Urban,379574.69
3143,1,2,Urban,591982.16
2687,5,3,Suburban,475196.1
3710,3,3,Rural,460700.59
1036,3,1,Rural,163910.74
2548,2,1,Urban,485277.45
3326,4,3,Rural,447374.9
3264,3,2,Suburban,541572.47
3914,5,1,Suburban,628383.26
1872,2,1,Suburban,298705.59
2821,2,2,Urban,540894.51
2296,5,1,Urban,471442.46
3109,4,2,Urban,636969.37
1595,5,2,Urban,350532.28
2903,4,2,Urban,576984.53
1728,5,3,Suburban,326243.89
2365,5,3,Suburban,407728.5
1396,1,3,Suburban,230443.19
1698,2,2,Urban,344814.53
3224,5,2,Rural,431551.4
2635,5,3,Rural,367266.13
1395,3,1,Suburban,238956.68
3492,2,2,Rural,427895.3
1075,3,1,Suburban,199465.93
1264,2,1,Rural,189229.33
3502,3,2,Urban,678544.02
2819,5,2,Urban,581672.64
1717,5,1,Urban,381987.23
3782,1,1,Urban,686066.7
1850,3,3,Urban,404025.15
2390,4,3,Suburban,415523.29
1143,1,2,Suburban,207768.57
1884,3,3,Suburban,320269.67
1395,3,3,Urban,323280.62
3995,1,3,Rural,507151.55
3938,5,3,Suburban,661230.4
2492,3,1,Urban,492900.24
2167,5,2,Suburban,382564.71
3616,1,3,Urban,692885.32
2062,5,1,Urban,438563.6
3156,2,1,Rural,379049.3
2065,4,1,Urban,414528.14
2209,3,3,Suburban,374491.54
3982,4,3,Rural,524939.99
3445,5,2,Suburban,576184.12
1633,3,3,Urban,360129.71
2156,5,3,Urban,446568.98
2238,2,1,Urban,434275.88
1732,1,2,Suburban,261620.21
1234,3,3,Suburban,237697.12
3705,2,3,Urban,707955.41
1750,2,1,Rural,234196.1
3635,3,1,Suburban,571611.17
1953,5,3,Urban,442334.65
3539,2,2,Suburban,571267.25
3960,4,2,Suburban,649835.44
2542,2,1,Urban,486264.83
2197,5,1,Urban,467258.57
2676,5,3,Rural,366051.07
2191,4,1,Suburban,382205.56
3217,2,3,Suburban,534044.81
2416,5,2,Suburban,433106.11
3993,3,2,Urban,759443.98
3842,1,3,Urban,725174.17
3681,1,1,Suburban,554218.58
2217,1,2,Urban,428783.9
2540,2,1,Urban,491706.03
3076,4,2,Rural,390421.84
2445,5,3,Rural,333782.16
3386,3,3,Suburban,550068.61
2519,3,3,Rural,335271.4
2388,2,2,Urban,453745.23
2856,1,1,Rural,358609.79
2365,2,1,Urban,458214.74
1499,4,1,Rural,213937.31
2680,4,2,Rural,354042.08
1510,5,2,Suburban,296987.07
1216,5,2,Rural,210474.07
2324,4,2,Suburban,393764.39
2155,4,2,Urban,441778.33
2827,4,1,Suburban,473962.08
2810,2,2,Suburban,447919.71
3492,4,2,Urban,687166.03
3923,3,1,Suburban,630846.53
2205,1,2,Rural,261506.44
3214,4,1,Urban,645703.02
1090,1,1,Suburban,179226.81
1713,2,3,Rural,229445.07
2881,1,3,Rural,364827.66
1038,2,3,Rural,152184.29
1172,3,3,Suburban,203487.99
1652,2,2,Rural,237189.38
1753,2,3,Suburban,298363.26
2243,5,1,Urban,474170.02
2081,4,2,Suburban,371665.5
2683,4,3,Suburban,447238.38
3523,3,1,Urban,680874.72
1455,3,2,Suburban,255573.59
1828,4,2,Suburban,332667.71
1894,5,3,Urban,397647.73
2384,4,2,Suburban,406609.06
2958,5,1,Suburban,492671.79
3434,3,2,Suburban,559422.63
2996,1,1,Urban,561980.44
3395,3,2,Urban,652023.74
1189,3,3,Urban,260898.26
1504,2,1,Rural,199373.35
2214,2,2,Urban,425553.58
2531,2,2,Suburban,418069.84
1823,2,2,Urban,360447.93
1928,5,1,Urban,383970.12
1933,4,1,Rural,264211.78
2140,1,1,Suburban,325614.56
1133,3,3,Urban,241627.24
3105,5,3,Suburban,518375.73
1684,1,1,Urban,322214.08
3719,5,2,Suburban,631136.41
3220,5,3,Suburban,551131.84
2852,3,1,Urban,549294.97
1814,4,2,Urban,391079.04
2172,2,3,Urban,428369.1
1079,4,2,Rural,162534.0
3933,3,2,Rural,492416.37
1202,3,2,Urban,246841.71
3811,3,2,Suburban,607750.76
2252,1,3,Urban,436940.53
2699,4,3,Urban,550853.76
2250,4,3,Suburban,388340.33
2682,5,1,Rural,356382.54
2555,5,3,Rural,364682.46
3094,5,2,Suburban,510928.68
2256,3,3,Urban,467840.28
2549,4,2,Suburban,422327.83
2166,3,1,Urban,424355.65
2396,1,2,Suburban,364732.15
3703,5,2,Urban,733525.98
1470,3,2,Suburban,270253.12
2035,3,1,Urban,413456.28
2353,1,3,Urban,463324.22
3783,2,3,Rural,487181.43
3831,4,1,Urban,732543.3
1967,2,2,Suburban,321742.11
1357,5,3,Urban,314458.01
1667,3,1,Urban,355365.75
1372,1,3,Urban,264992.11
2031,1,1,Urban,392516.98
2145,4,2,Rural,306329.54
2371,2,3,Urban,487076.2
3723,4,1,Rural,478663.13
1089,3,3,Suburban,215473.22
3745,4,3,Suburban,639566.52
1539,1,3,Suburban,249673.58
3779,1,3,Suburban,576499.6
1868,5,1,Suburban,316399.9
1040,5,2,Urban,266327.12
1739,3,1,Urban,336188.5
2946,2,1,Rural,369796.81
3549,4,1,Rural,466253.13
2224,3,2,Rural,300731.76
1928,5,3,Suburban,358454.45
3036,4,3,Suburban,512622.9
3508,5,3,Suburban,603988.66
3779,4,2,Suburban,607326.84
3799,2,3,Urban,719050.05
1924,3,2,Suburban,320873.41
3956,4,3,Urban,786381.92
2581,1,3,Urban,503583.99
1389,1,1,Rural,183192.25
2617,4,2,Urban,542894.94
3930,4,1,Urban,749619.59
1255,4,1,Urban,296572.24
1708,1,1,Rural,232192.39
2838,1,2,Suburban,453056.22
2944,4,2,Suburban,509417.99
3497,5,3,Rural,455073.77
1009,5,1,Rural,159835.52
3871,2,3,Urban,731426.97
1797,3,1,Suburban,311764.79
1876,5,2,Suburban,330898.59
2028,1,2,Suburban,331774.95
2015,5,2,Urban,448405.36
2824,2,1,Rural,365832.03
1373,2,2,Suburban,238787.51
3193,3,1,Urban,606861.27
1223,5,3,Suburban,239981.49
2262,1,1,Urban,437656.19
3224,1,3,Urban,618113.49
2802,4,1,Suburban,464909.8
1852,1,3,Urban,359180.9
1062,3,2,Suburban,179041.92
2240,3,3,Suburban,370291.48
3874,1,2,Urban,740434.19
3842,1,2,Rural,464235.44
1688,4,3,Urban,371734.8
2484,1,1,Urban,475194.44
2633,4,1,Urban,515390.77
3152,4,1,Urban,623207.1
1510,1,1,Urban,299179.16
1384,2,1,Suburban,232724.99
1404,2,2,Rural,221164.03
3870,4,1,Urban,733914.01
1517,1,2,Suburban,258137.29
1475,2,2,Suburban,249521.98
3000,1,2,Rural,383719.2
3756,1,3,Suburban,592813.07
2668,1,3,Urban,502908.44
2893,5,2,Urban,595029.96
3818,1,3,Suburban,579120.99
2460,5,1,Rural,345232.48
3724,4,1,Urban,727301.58
1713,2,2,Urban,350726.6
1082,2,1,Rural,160421.18
2168,2,2,Rural,287836.2
3504,2,2,Rural,445960.89
2901,2,1,Suburban,451339.32
3048,2,3,Urban,583517.79
1050,2,1,Suburban,194367.35
1684,4,1,Suburban,311963.35
1716,1,2,Urban,330498.9
2469,3,2,Suburban,410810.03
1448,5,2,Suburban,268153.86
1880,3,2,Urban,398127.57
1487,3,3,Suburban,274704.17
2823,1,3,Suburban,467862.17
3081,1,3,Rural,380936.77
3142,1,2,Urban,585779.92
2574,2,2,Urban,501634.46
3201,4,2,Suburban,536614.9
1249,2,3,Urban,264663.32
1673,4,2,Suburban,292220.39
1437,4,1,Suburban,269364.08
3165,3,1,Urban,618911.35
1770,3,2,Suburban,296337.26
1267,4,1,Suburban,248604.43
2984,4,1,Urban,602821.99
2077,2,3,Rural,278582.96
1235,2,2,Rural,172995.98
1388,3,2,Suburban,253740.58
1762,1,3,Suburban,280682.97
2848,4,1,Suburban,472500.31
3448,2,1,Rural,412236.16
1623,3,2,Suburban,292214.56
3814,2,1,Suburban,581485.07
3966,4,3,Rural,534954.2
2252,4,3,Urban,468058.8
3900,5,2,Rural,513883.33
1577,1,3,Urban,307582.66
3122,5,3,Urban,637079.61
1434,3,2,Urban,320305.31
3150,2,3,Rural,381121.91
1763,3,3,Rural,260329.65
3785,4,3,Suburban,626130.23
3853,5,1,Suburban,620879.78
2329,5,2,Suburban,398596.88
3145,5,2,Rural,442163.93
3845,3,2,Suburban,607294.93
2358,4,1,Urban,466906.49
3906,2,1,Urban,744453.15
3482,2,2,Suburban,555685.53
1446,3,1,Suburban,242520.74
3017,5,2,Urban,617226.25
2331,1,1,Urban,427322.47
1248,3,3,Rural,196768.21
1165,3,3,Urban,274313.71
2358,4,2,Suburban,409020.06
2019,2,1,Rural,265896.61
1541,3,1,Suburban,283761.88
1758,3,3,Urban,370436.86
3128,5,3,Suburban,522381.26
3180,5,1,Rural,430094.74
1796,1,1,Suburban,305260.47
3947,4,1,Rural,499492.41
1137,1,1,Urban,219045.37
3231,5,1,Suburban,543814.46
2353,2,1,Suburban,377410.95
3832,5,2,Rural,498016.96
2875,4,1,Urban,582718.58
1068,5,3,Rural,203360.41
3593,4,2,Suburban,590911.31
3100,4,1,Urban,602959.32
2473,4,3,Urban,495650.39
1204,4,2,Rural,187059.76
3173,4,3,Urban,648178.77
1042,2,1,Urban,222311.68
2906,1,1,Urban,541055.96
3158,3,1,Rural,401067.28
1760,1,1,Suburban,268078.36
3895,4,2,Suburban,642597.51
3142,2,2,Urban,610697.72
2994,5,3,Suburban,498642.7
2935,2,1,Suburban,481148.39
1899,4,3,Rural,277620.71
1359,2,2,Rural,201075.95
3947,2,1,Urban,727038.72
2719,4,1,Suburban,439191.76
1280,2,2,Urban,264910.31
2887,3,2,Suburban,478077.84
1666,3,2,Urban,365843.61
1092,2,2,Urban,239620.79
1671,5,2,Urban,370353.19
2969,4,1,Suburban,480086.31
1060,3,2,Urban,251100.01
3681,5,1,Suburban,597502.95
2028,2,1,Suburban,345484.69
2489,5,2,Urban,517176.15
1603,1,2,Suburban,276355.82
1681,3,1,Urban,351369.31
3581,2,2,Suburban,565780.05
2428,4,2,Suburban,409006.04
3885,2,2,Urban,731890.92
3692,4,3,Urban,734843.17
3280,2,1,Urban,621171.56
1523,5,3,Rural,228821.89
3393,5,2,Suburban,567293.69
3593,5,3,Suburban,604735.77
2968,1,2,Suburban,443912.66
2101,4,3,Urban,448761.68
2753,5,2,Suburban,463152.79
2836,1,3,Suburban,438866.68
3841,4,3,Urban,740506.56
3296,2,3,Urban,617341.08
3094,1,1,Urban,561365.52
2144,3,3,Suburban,359509.79
3261,1,1,Rural,422852.59
3286,1,2,Urban,610221.2
2079,4,3,Suburban,368627.5
3397,2,2,Urban,651464.81
1106,3,2,Rural,166030.65
3878,5,3,Urban,775265.57
1047,5,1,Suburban,200097.06
1336,1,3,Suburban,239909.28
2049,4,2,Suburban,375421.97
3851,4,2,Suburban,610823.41
2280,5,3,Urban,478159.71
3055,3,1,Urban,589101.9
1624,2,1,Urban,312674.62
2890,3,2,Urban,573259.66
2276,2,2,Suburban,364117.28
2715,5,1,Urban,576350.56
3766,2,3,Urban,731785.49
1302,4,2,Suburban,247425.74
1638,1,1,Rural,218829.86
1055,1,2,Suburban,189309.0
1725,5,3,Urban,382860.53
1525,4,1,Urban,320337.83
1473,3,2,Rural,209541.43
1027,4,3,Urban,259476.36
3125,1,2,Urban,587890.6
1364,1,3,Suburban,213830.04
3713,4,3,Suburban,603921.76
1525,4,1,Suburban,273010.27
3746,1,3,Urban,703523.34
2335,3,2,Urban,488025.42
1882,5,3,Rural,263980.12
2030,5,3,Urban,448455.89
2026,4,1,Suburban,363791.13
2646,5,3,Suburban,484614.5
1918,1,3,Suburban,308656.03
3797,1,2,Urban,712374.29
3410,4,1,Urban,673497.6
2774,4,1,Suburban,463054.82
2531,4,1,Rural,338731.55
3853,3,3,Rural,502719.75
3786,5,1,Urban,722157.54
2906,4,3,Urban,595900.69
2215,2,3,Rural,295061.78
2654,2,2,Suburban,425875.25
1484,1,2,Rural,214548.62
3075,5,2,Urban,618750.66
1713,4,2,Suburban,302919.24
2062,2,2,Suburban,359215.53
2976,5,3,Suburban,503079.39
2296,1,3,Suburban,363898.85
2254,3,1,Urban,446249.75
3133,5,3,Suburban,543357.34
1125,5,3,Urban,282578.03
3859,3,2,Suburban,605923.75
1536,5,3,Rural,230998.31
3192,1,2,Urban,592486.46
3072,1,1,Rural,379867.79
2603,3,1,Urban,514798.44
1066,4,3,Suburban,219082.06
1232,2,1,Rural,150079.88
3156,4,3,Urban,644719.41
2169,5,1,Urban,458945.69
3158,2,2,Suburban,517545.32
3275,3,2,Urban,641941.98
1110,3,2,Suburban,217513.23
2493,2,2,Rural,327825.45
3081,1,3,Suburban,500612.26
1622,2,1,Urban,327182.51
3795,5,3,Suburban,633270.85
3642,1,2,Suburban,589024.35
3472,3,3,Urban,687850.37
3660,2,1,Suburban,579737.44
2541,4,3,Suburban,423386.96
3739,4,1,Suburban,592966.92
2305,5,3,Urban,495827.15
2761,4,1,Suburban,460605.21
2975,2,1,Urban,559358.77
3362,2,2,Urban,642569.83
1876,4,1,Rural,277006.27
2989,2,2,Suburban,485304.02
2312,5,2,Urban,476749.91
2460,1,2,Urban,465684.91
3709,5,3,Urban,737570.34
3324,5,3,Urban,672443.0
2733,2,3,Urban,529803.84
2605,1,3,Urban,494123.54
2526,2,1,Suburban,391348.65
3671,3,1,Suburban,584373.45
3563,2,3,Suburban,563843.92
3890,2,1,Suburban,579205.51
3397,2,1,Urban,661989.72
2630,1,2,Rural,342487.7
3870,2,2,Rural,484636.99
2160,1,2,Rural,275388.19
1758,4,2,Rural,239243.46
3946,3,1,Rural,518477.23
1242,1,3,Suburban,230272.89
3590,4,1,Urban,701766.94
2063,1,1,Suburban,334685.31
1228,1,1,Suburban,200952.87
3595,3,2,Suburban,565882.75
1919,5,2,Suburban,343731.77
2246,5,2,Urban,477599.28
1005,1,3,Urban,206354.52
1467,2,1,Rural,193853.47
2755,4,3,Suburban,467336.0
1074,2,2,Suburban,190291.22
1003,2,3,Urban,223062.58
2870,1,1,Urban,523993.95
1645,1,1,Rural,202229.84
1117,1,2,Suburban,174704.16
3928,1,2,Suburban,618978.16
2629,5,3,Suburban,438293.53
3551,1,2,Suburban,564185.9
3021,5,2,Urban,629643.49
1946,5,1,Suburban,343878.19
3621,1,2,Suburban,537118.63
